Intervention,Method,Rank,Node,NodeId,EffectTVD,EffectMeanShift,ReferenceRank,ReferenceEffectTVD,MethodRank,IsDescendantInMethod,Spearman,Kendall,NDCG_at_5
X1,AdaCSE,1,X25,25,2.16288320588065e-05,2.17706585079469e-05,1,0.610611212066713,1,0,0.0941569334621105,0.0762126743776328,0.905499327938828
X1,AdaCSE,2,X26,26,4.20273902607127e-06,7.04430191555971e-06,12,6.32754551532777e-08,2,0,0.0941569334621105,0.0762126743776328,0.905499327938828
X1,AdaCSE,3,X28,27,2.06671465330377e-06,2.92923655464961e-06,22,1.5640544415163e-12,3,0,0.0941569334621105,0.0762126743776328,0.905499327938828
X1,AdaCSE,4,X10,10,2.01957541259845e-06,2.88908500944984e-06,28,5.55111512312578e-17,4,0,0.0941569334621105,0.0762126743776328,0.905499327938828
X1,AdaCSE,5,X4,4,1.98247758392833e-06,3.85659297696961e-06,14,2.0781289217231e-08,5,0,0.0941569334621105,0.0762126743776328,0.905499327938828
X1,AdaCSE,6,X16,16,1.00847524808767e-06,2.00026301055978e-06,25,2.76306755253586e-13,6,0,0.0941569334621105,0.0762126743776328,0.905499327938828
X1,AdaCSE,7,X13,13,9.8898716680007e-07,1.96346055814089e-06,18,2.97488617073682e-10,7,0,0.0941569334621105,0.0762126743776328,0.905499327938828
X1,AdaCSE,8,X7,7,3.77723762323701e-07,7.41053768571476e-07,11,1.93876354276368e-07,8,0,0.0941569334621105,0.0762126743776328,0.905499327938828
X1,AdaCSE,9,X20,20,3.54288986842421e-07,6.85506793107749e-07,30,0,9,0,0.0941569334621105,0.0762126743776328,0.905499327938828
X1,AdaCSE,10,X23,23,2.72821498559228e-07,5.13037432536834e-07,5,0.0241395742803053,10,0,0.0941569334621105,0.0762126743776328,0.905499327938828
X1,AdaCSE,11,X24,24,2.25059154951301e-07,4.38133765934268e-07,2,0.0405671837754507,11,0,0.0941569334621105,0.0762126743776328,0.905499327938828
X1,AdaCSE,12,X3,3,1.61627704720058e-07,3.19099619172647e-07,4,0.0286859336393597,12,0,0.0941569334621105,0.0762126743776328,0.905499327938828
X1,AdaCSE,13,X2,2,1.61349738292405e-07,3.18052383541101e-07,6,0.0108630086416883,13,0,0.0941569334621105,0.0762126743776328,0.905499327938828
X1,AdaCSE,14,X22,22,1.35623149710717e-07,2.61138809243278e-07,13,3.09196947489987e-08,14,0,0.0941569334621105,0.0762126743776328,0.905499327938828
X1,AdaCSE,15,X5,5,1.21718209372679e-07,2.39981611915852e-07,29,0,15,0,0.0941569334621105,0.0762126743776328,0.905499327938828
X1,AdaCSE,16,X6,6,1.08671772636182e-07,2.08853661920472e-07,3,0.0328748744129432,16,0,0.0941569334621105,0.0762126743776328,0.905499327938828
X1,AdaCSE,17,X15,15,6.2377759735277e-08,1.0688121765412e-07,21,6.49863496349212e-12,17,0,0.0941569334621105,0.0762126743776328,0.905499327938828
X1,AdaCSE,18,X11,11,6.15675607718025e-08,1.21203308722784e-07,17,2.04126446301522e-09,18,0,0.0941569334621105,0.0762126743776328,0.905499327938828
X1,AdaCSE,19,X18,18,2.67039034773653e-08,5.20292045003146e-08,23,9.16072773193832e-13,19,0,0.0941569334621105,0.0762126743776328,0.905499327938828
X1,AdaCSE,20,X29,28,1.09801283343369e-08,2.12338759908448e-08,20,6.80324963031609e-11,20,0,0.0941569334621105,0.0762126743776328,0.905499327938828
X1,AdaCSE,21,X21,21,4.31428534564127e-09,8.61067128710147e-09,8,0.000463876998960722,21,0,0.0941569334621105,0.0762126743776328,0.905499327938828
X1,AdaCSE,22,X14,14,4.20855070237813e-09,8.19855028311167e-09,19,1.89280729978591e-10,22,0,0.0941569334621105,0.0762126743776328,0.905499327938828
X1,AdaCSE,23,X12,12,2.75725173248809e-09,5.1393689304291e-09,15,1.40002664739125e-08,23,0,0.0941569334621105,0.0762126743776328,0.905499327938828
X1,AdaCSE,24,X30,29,2.66795244230345e-09,4.98845320606733e-09,26,5.33184607576231e-14,24,0,0.0941569334621105,0.0762126743776328,0.905499327938828
X1,AdaCSE,25,X32,30,2.6200114577879e-09,5.04338881768263e-09,7,0.00169461768999729,25,0,0.0941569334621105,0.0762126743776328,0.905499327938828
X1,AdaCSE,26,X9,9,1.67301011932963e-09,2.56727128444822e-09,10,1.4014527366657e-06,26,0,0.0941569334621105,0.0762126743776328,0.905499327938828
X1,AdaCSE,27,X17,17,3.83143489157689e-10,7.11611214398999e-10,24,3.67816888058314e-13,27,0,0.0941569334621105,0.0762126743776328,0.905499327938828
X1,AdaCSE,28,X8,8,0,0,9,1.51984855462084e-06,28,0,0.0941569334621105,0.0762126743776328,0.905499327938828
X1,AdaCSE,29,X19,19,0,0,27,1.77635683940025e-15,29,0,0.0941569334621105,0.0762126743776328,0.905499327938828
X1,AdaCSE,30,X33,31,0,0,16,2.08682082725176e-09,30,0,0.0941569334621105,0.0762126743776328,0.905499327938828
X1,PSX,1,X25,25,0.640017617884373,0.972684432600489,1,0.610611212066713,1,1,0.311120117698694,0.258496182752659,0.936932778062838
X1,PSX,2,X2,2,0,0,6,0.0108630086416883,2,0,0.311120117698694,0.258496182752659,0.936932778062838
X1,PSX,3,X3,3,0,0,4,0.0286859336393597,3,0,0.311120117698694,0.258496182752659,0.936932778062838
X1,PSX,4,X4,4,0,0,14,2.0781289217231e-08,4,0,0.311120117698694,0.258496182752659,0.936932778062838
X1,PSX,5,X5,5,0,0,29,0,5,0,0.311120117698694,0.258496182752659,0.936932778062838
X1,PSX,6,X6,6,0,0,3,0.0328748744129432,6,0,0.311120117698694,0.258496182752659,0.936932778062838
X1,PSX,7,X7,7,0,0,11,1.93876354276368e-07,7,0,0.311120117698694,0.258496182752659,0.936932778062838
X1,PSX,8,X8,8,0,0,9,1.51984855462084e-06,8,0,0.311120117698694,0.258496182752659,0.936932778062838
X1,PSX,9,X9,9,0,0,10,1.4014527366657e-06,9,0,0.311120117698694,0.258496182752659,0.936932778062838
X1,PSX,10,X10,10,0,0,28,5.55111512312578e-17,10,0,0.311120117698694,0.258496182752659,0.936932778062838
X1,PSX,11,X11,11,0,0,17,2.04126446301522e-09,11,0,0.311120117698694,0.258496182752659,0.936932778062838
X1,PSX,12,X12,12,0,0,15,1.40002664739125e-08,12,0,0.311120117698694,0.258496182752659,0.936932778062838
X1,PSX,13,X13,13,0,0,18,2.97488617073682e-10,13,0,0.311120117698694,0.258496182752659,0.936932778062838
X1,PSX,14,X14,14,0,0,19,1.89280729978591e-10,14,0,0.311120117698694,0.258496182752659,0.936932778062838
X1,PSX,15,X15,15,0,0,21,6.49863496349212e-12,15,0,0.311120117698694,0.258496182752659,0.936932778062838
X1,PSX,16,X16,16,0,0,25,2.76306755253586e-13,16,0,0.311120117698694,0.258496182752659,0.936932778062838
X1,PSX,17,X17,17,0,0,24,3.67816888058314e-13,17,0,0.311120117698694,0.258496182752659,0.936932778062838
X1,PSX,18,X18,18,0,0,23,9.16072773193832e-13,18,0,0.311120117698694,0.258496182752659,0.936932778062838
X1,PSX,19,X19,19,0,0,27,1.77635683940025e-15,19,0,0.311120117698694,0.258496182752659,0.936932778062838
X1,PSX,20,X20,20,0,0,30,0,20,0,0.311120117698694,0.258496182752659,0.936932778062838
X1,PSX,21,X21,21,0,0,8,0.000463876998960722,21,0,0.311120117698694,0.258496182752659,0.936932778062838
X1,PSX,22,X22,22,0,0,13,3.09196947489987e-08,22,0,0.311120117698694,0.258496182752659,0.936932778062838
X1,PSX,23,X23,23,0,0,5,0.0241395742803053,23,0,0.311120117698694,0.258496182752659,0.936932778062838
X1,PSX,24,X24,24,0,0,2,0.0405671837754507,24,0,0.311120117698694,0.258496182752659,0.936932778062838
X1,PSX,25,X26,26,0,0,12,6.32754551532777e-08,25,0,0.311120117698694,0.258496182752659,0.936932778062838
X1,PSX,26,X28,27,0,0,22,1.5640544415163e-12,26,0,0.311120117698694,0.258496182752659,0.936932778062838
X1,PSX,27,X29,28,0,0,20,6.80324963031609e-11,27,0,0.311120117698694,0.258496182752659,0.936932778062838
X1,PSX,28,X30,29,0,0,26,5.33184607576231e-14,28,0,0.311120117698694,0.258496182752659,0.936932778062838
X1,PSX,29,X32,30,0,0,7,0.00169461768999729,29,0,0.311120117698694,0.258496182752659,0.936932778062838
X1,PSX,30,X33,31,0,0,16,2.08682082725176e-09,30,0,0.311120117698694,0.258496182752659,0.936932778062838
X1,EKGA-std,1,X25,25,0.635862923769189,0.968072010415768,1,0.610611212066713,1,1,0.369117812941555,0.239355739607725,0.906767830412405
X1,EKGA-std,2,X16,16,0.126088250672761,0.239402852941809,25,2.76306755253586e-13,2,0,0.369117812941555,0.239355739607725,0.906767830412405
X1,EKGA-std,3,X7,7,0.117508212540246,0.22416572473724,11,1.93876354276368e-07,3,0,0.369117812941555,0.239355739607725,0.906767830412405
X1,EKGA-std,4,X21,21,0.108317988426289,0.208592057894672,8,0.000463876998960722,4,0,0.369117812941555,0.239355739607725,0.906767830412405
X1,EKGA-std,5,X32,30,0.0726454183041577,0.141076004295126,7,0.00169461768999729,5,0,0.369117812941555,0.239355739607725,0.906767830412405
X1,EKGA-std,6,X23,23,0.0633968708600952,0.124592013127021,5,0.0241395742803053,6,0,0.369117812941555,0.239355739607725,0.906767830412405
X1,EKGA-std,7,X28,27,0.0558078505778448,0.109903298966207,22,1.5640544415163e-12,7,1,0.369117812941555,0.239355739607725,0.906767830412405
X1,EKGA-std,8,X10,10,0.0523973709320006,0.102214826873311,28,5.55111512312578e-17,8,1,0.369117812941555,0.239355739607725,0.906767830412405
X1,EKGA-std,9,X2,2,0.041769722316177,0.0829005022168547,6,0.0108630086416883,9,0,0.369117812941555,0.239355739607725,0.906767830412405
X1,EKGA-std,10,X4,4,0.0361548986307822,0.0693789665878946,14,2.0781289217231e-08,10,1,0.369117812941555,0.239355739607725,0.906767830412405
X1,EKGA-std,11,X9,9,0.0212366455152906,0.034649478413729,10,1.4014527366657e-06,11,0,0.369117812941555,0.239355739607725,0.906767830412405
X1,EKGA-std,12,X8,8,0.0123521316346711,0.0224469208286591,9,1.51984855462084e-06,12,0,0.369117812941555,0.239355739607725,0.906767830412405
X1,EKGA-std,13,X11,11,0.00636524886421944,0.0122274717753628,17,2.04126446301522e-09,13,0,0.369117812941555,0.239355739607725,0.906767830412405
X1,EKGA-std,14,X26,26,0.00464549437339107,0.00919850878582418,12,6.32754551532777e-08,14,1,0.369117812941555,0.239355739607725,0.906767830412405
X1,EKGA-std,15,X24,24,0.00449278473513925,0.00743783712314849,2,0.0405671837754507,15,1,0.369117812941555,0.239355739607725,0.906767830412405
X1,EKGA-std,16,X30,29,0.00446947987632826,0.00763342980838511,26,5.33184607576231e-14,16,0,0.369117812941555,0.239355739607725,0.906767830412405
X1,EKGA-std,17,X3,3,0.00295151111177602,0.00541239936364946,4,0.0286859336393597,17,1,0.369117812941555,0.239355739607725,0.906767830412405
X1,EKGA-std,18,X22,22,0.00289318708107286,0.00551191517337157,13,3.09196947489987e-08,18,0,0.369117812941555,0.239355739607725,0.906767830412405
X1,EKGA-std,19,X20,20,0.00186240960789585,0.00360829784931194,30,0,19,0,0.369117812941555,0.239355739607725,0.906767830412405
X1,EKGA-std,20,X18,18,0.00104451154060375,0.00202806757964691,23,9.16072773193832e-13,20,0,0.369117812941555,0.239355739607725,0.906767830412405
X1,EKGA-std,21,X5,5,0.000686643972121176,0.00126761280443644,29,0,21,0,0.369117812941555,0.239355739607725,0.906767830412405
X1,EKGA-std,22,X17,17,0.000616684713205307,0.00114985646057386,24,3.67816888058314e-13,22,0,0.369117812941555,0.239355739607725,0.906767830412405
X1,EKGA-std,23,X6,6,0.000591068146612167,0.00110714613625595,3,0.0328748744129432,23,0,0.369117812941555,0.239355739607725,0.906767830412405
X1,EKGA-std,24,X33,31,0.000555825546441652,0.0010392100577763,16,2.08682082725176e-09,24,0,0.369117812941555,0.239355739607725,0.906767830412405
X1,EKGA-std,25,X29,28,0.000428963097732937,0.000832521409911635,20,6.80324963031609e-11,25,0,0.369117812941555,0.239355739607725,0.906767830412405
X1,EKGA-std,26,X15,15,0.000228895196652423,0.000391948064069503,21,6.49863496349212e-12,26,0,0.369117812941555,0.239355739607725,0.906767830412405
X1,EKGA-std,27,X14,14,0.000167383961319378,0.000321640383787347,19,1.89280729978591e-10,27,0,0.369117812941555,0.239355739607725,0.906767830412405
X1,EKGA-std,28,X13,13,0.000104281074262164,0.000142801832177408,18,2.97488617073682e-10,28,0,0.369117812941555,0.239355739607725,0.906767830412405
X1,EKGA-std,29,X12,12,1.86681426746216e-05,1.96645551664432e-06,15,1.40002664739125e-08,29,1,0.369117812941555,0.239355739607725,0.906767830412405
X1,EKGA-std,30,X19,19,0,0,27,1.77635683940025e-15,30,0,0.369117812941555,0.239355739607725,0.906767830412405
X1,AESL-GA,1,X25,25,0.63991856133497,0.972700291913649,1,0.610611212066713,1,1,0.00511964413623769,-0.0115473749057019,0.905499309148341
X1,AESL-GA,2,X10,10,0.103487773284473,0.160560438080187,28,5.55111512312578e-17,2,1,0.00511964413623769,-0.0115473749057019,0.905499309148341
X1,AESL-GA,3,X28,27,0.101321559833598,0.158119327862898,22,1.5640544415163e-12,3,1,0.00511964413623769,-0.0115473749057019,0.905499309148341
X1,AESL-GA,4,X26,26,0.000554160332727094,0.000904403057762515,12,6.32754551532777e-08,4,0,0.00511964413623769,-0.0115473749057019,0.905499309148341
X1,AESL-GA,5,X4,4,0.000259348647326768,0.000494891732151004,14,2.0781289217231e-08,5,0,0.00511964413623769,-0.0115473749057019,0.905499309148341
X1,AESL-GA,6,X7,7,0.000152360234428328,0.000266762860687164,11,1.93876354276368e-07,6,0,0.00511964413623769,-0.0115473749057019,0.905499309148341
X1,AESL-GA,7,X16,16,0.000147939183264112,0.000258611001352493,25,2.76306755253586e-13,7,0,0.00511964413623769,-0.0115473749057019,0.905499309148341
X1,AESL-GA,8,X13,13,4.3870352554487e-05,8.69042051738766e-05,18,2.97488617073682e-10,8,0,0.00511964413623769,-0.0115473749057019,0.905499309148341
X1,AESL-GA,9,X18,18,3.18987320687969e-05,6.33861300687322e-05,23,9.16072773193832e-13,9,0,0.00511964413623769,-0.0115473749057019,0.905499309148341
X1,AESL-GA,10,X11,11,2.0077609409086e-05,4.01353397774251e-05,17,2.04126446301522e-09,10,0,0.00511964413623769,-0.0115473749057019,0.905499309148341
X1,AESL-GA,11,X22,22,1.90431235695676e-05,3.76735531002481e-05,13,3.09196947489987e-08,11,0,0.00511964413623769,-0.0115473749057019,0.905499309148341
X1,AESL-GA,12,X29,28,1.32467345462517e-05,2.58994740178764e-05,20,6.80324963031609e-11,12,0,0.00511964413623769,-0.0115473749057019,0.905499309148341
X1,AESL-GA,13,X9,9,1.03316786722318e-05,1.93532229120219e-05,10,1.4014527366657e-06,13,0,0.00511964413623769,-0.0115473749057019,0.905499309148341
X1,AESL-GA,14,X23,23,6.53034862996282e-06,1.16969444112769e-05,5,0.0241395742803053,14,0,0.00511964413623769,-0.0115473749057019,0.905499309148341
X1,AESL-GA,15,X24,24,5.27427315730189e-06,9.68119439015425e-06,2,0.0405671837754507,15,0,0.00511964413623769,-0.0115473749057019,0.905499309148341
X1,AESL-GA,16,X14,14,5.19859524999999e-06,1.000540785423e-05,19,1.89280729978591e-10,16,0,0.00511964413623769,-0.0115473749057019,0.905499309148341
X1,AESL-GA,17,X5,5,4.69294777730167e-06,8.87575422092723e-06,29,0,17,0,0.00511964413623769,-0.0115473749057019,0.905499309148341
X1,AESL-GA,18,X2,2,3.71533799617407e-06,7.22758489968278e-06,6,0.0108630086416883,18,0,0.00511964413623769,-0.0115473749057019,0.905499309148341
X1,AESL-GA,19,X12,12,3.30323208472261e-06,6.14551281463704e-06,15,1.40002664739125e-08,19,0,0.00511964413623769,-0.0115473749057019,0.905499309148341
X1,AESL-GA,20,X32,30,3.25294701530865e-06,6.50239393085172e-06,7,0.00169461768999729,20,0,0.00511964413623769,-0.0115473749057019,0.905499309148341
X1,AESL-GA,21,X30,29,3.14775368159825e-06,6.09053584188501e-06,26,5.33184607576231e-14,21,0,0.00511964413623769,-0.0115473749057019,0.905499309148341
X1,AESL-GA,22,X3,3,3.05942968811812e-06,6.11127039773507e-06,4,0.0286859336393597,22,0,0.00511964413623769,-0.0115473749057019,0.905499309148341
X1,AESL-GA,23,X20,20,2.6474483062755e-06,5.06448481640831e-06,30,0,23,0,0.00511964413623769,-0.0115473749057019,0.905499309148341
X1,AESL-GA,24,X33,31,1.79392421667535e-06,3.4125864862844e-06,16,2.08682082725176e-09,24,0,0.00511964413623769,-0.0115473749057019,0.905499309148341
X1,AESL-GA,25,X6,6,8.14312388991434e-07,1.56135928564005e-06,3,0.0328748744129432,25,0,0.00511964413623769,-0.0115473749057019,0.905499309148341
X1,AESL-GA,26,X17,17,4.65759827983359e-07,8.85526610261422e-07,24,3.67816888058314e-13,26,0,0.00511964413623769,-0.0115473749057019,0.905499309148341
X1,AESL-GA,27,X21,21,3.46140336227041e-07,6.85078865192423e-07,8,0.000463876998960722,27,0,0.00511964413623769,-0.0115473749057019,0.905499309148341
X1,AESL-GA,28,X8,8,0,0,9,1.51984855462084e-06,28,0,0.00511964413623769,-0.0115473749057019,0.905499309148341
X1,AESL-GA,29,X15,15,0,0,21,6.49863496349212e-12,29,0,0.00511964413623769,-0.0115473749057019,0.905499309148341
X1,AESL-GA,30,X19,19,0,0,27,1.77635683940025e-15,30,0,0.00511964413623769,-0.0115473749057019,0.905499309148341
X1,hybrid-SLA,1,X25,25,0.64000990490987,0.972876994850155,1,0.610611212066713,1,1,0.121090713483187,0.0854505743021944,0.905499309148644
X1,hybrid-SLA,2,X28,27,0.105505306087439,0.166584540538228,22,1.5640544415163e-12,2,1,0.121090713483187,0.0854505743021944,0.905499309148644
X1,hybrid-SLA,3,X10,10,0.103337356441734,0.164011596427663,28,5.55111512312578e-17,3,1,0.121090713483187,0.0854505743021944,0.905499309148644
X1,hybrid-SLA,4,X26,26,0.00055417028684579,0.000904685245331605,12,6.32754551532777e-08,4,0,0.121090713483187,0.0854505743021944,0.905499309148644
X1,hybrid-SLA,5,X4,4,0.000258700422602121,0.000497381851090939,14,2.0781289217231e-08,5,0,0.121090713483187,0.0854505743021944,0.905499309148644
X1,hybrid-SLA,6,X7,7,0.000151730259531274,0.000265499873111752,11,1.93876354276368e-07,6,0,0.121090713483187,0.0854505743021944,0.905499309148644
X1,hybrid-SLA,7,X16,16,0.000147318937167268,0.000257362780047954,25,2.76306755253586e-13,7,0,0.121090713483187,0.0854505743021944,0.905499309148644
X1,hybrid-SLA,8,X13,13,4.33873075654789e-05,8.59204114878054e-05,18,2.97488617073682e-10,8,0,0.121090713483187,0.0854505743021944,0.905499309148644
X1,hybrid-SLA,9,X18,18,3.59632433042656e-05,7.03177346865758e-05,23,9.16072773193832e-13,9,0,0.121090713483187,0.0854505743021944,0.905499309148644
X1,hybrid-SLA,10,X22,22,1.46511531100013e-05,2.73068664427001e-05,13,3.09196947489987e-08,10,0,0.121090713483187,0.0854505743021944,0.905499309148644
X1,hybrid-SLA,11,X29,28,1.46207973590606e-05,2.86750444735695e-05,20,6.80324963031609e-11,11,0,0.121090713483187,0.0854505743021944,0.905499309148644
X1,hybrid-SLA,12,X23,23,9.75130611394204e-06,1.81969519505998e-05,5,0.0241395742803053,12,0,0.121090713483187,0.0854505743021944,0.905499309148644
X1,hybrid-SLA,13,X24,24,8.02259451179732e-06,1.5534999012301e-05,2,0.0405671837754507,13,0,0.121090713483187,0.0854505743021944,0.905499309148644
X1,hybrid-SLA,14,X32,30,5.79816674392553e-06,1.04802746205834e-05,7,0.00169461768999729,14,0,0.121090713483187,0.0854505743021944,0.905499309148644
X1,hybrid-SLA,15,X14,14,5.75169234764972e-06,1.10773232968597e-05,19,1.89280729978591e-10,15,0,0.121090713483187,0.0854505743021944,0.905499309148644
X1,hybrid-SLA,16,X3,3,5.74403805611579e-06,1.13140831983216e-05,4,0.0286859336393597,16,0,0.121090713483187,0.0854505743021944,0.905499309148644
X1,hybrid-SLA,17,X2,2,5.73173790183179e-06,1.12752896797019e-05,6,0.0108630086416883,17,0,0.121090713483187,0.0854505743021944,0.905499309148644
X1,hybrid-SLA,18,X11,11,4.95767837080385e-06,9.69729316002699e-06,17,2.04126446301522e-09,18,0,0.121090713483187,0.0854505743021944,0.905499309148644
X1,hybrid-SLA,19,X12,12,3.66091416931225e-06,6.81168691407663e-06,15,1.40002664739125e-08,19,0,0.121090713483187,0.0854505743021944,0.905499309148644
X1,hybrid-SLA,20,X21,21,3.64179289952249e-06,7.15251414451501e-06,8,0.000463876998960722,20,0,0.121090713483187,0.0854505743021944,0.905499309148644
X1,hybrid-SLA,21,X30,29,3.48198561381241e-06,6.73596734568349e-06,26,5.33184607576231e-14,21,0,0.121090713483187,0.0854505743021944,0.905499309148644
X1,hybrid-SLA,22,X9,9,3.41147640692263e-06,6.58779044826474e-06,10,1.4014527366657e-06,22,0,0.121090713483187,0.0854505743021944,0.905499309148644
X1,hybrid-SLA,23,X20,20,1.03877696180921e-06,1.74242496853161e-06,30,0,23,0,0.121090713483187,0.0854505743021944,0.905499309148644
X1,hybrid-SLA,24,X15,15,5.84506677364649e-07,1.04277321444357e-06,21,6.49863496349212e-12,24,0,0.121090713483187,0.0854505743021944,0.905499309148644
X1,hybrid-SLA,25,X17,17,5.15158903341417e-07,9.79418406821253e-07,24,3.67816888058314e-13,25,0,0.121090713483187,0.0854505743021944,0.905499309148644
X1,hybrid-SLA,26,X5,5,3.26258634719689e-07,6.35072518351265e-07,29,0,26,0,0.121090713483187,0.0854505743021944,0.905499309148644
X1,hybrid-SLA,27,X6,6,2.87471575433074e-07,5.48901129659995e-07,3,0.0328748744129432,27,0,0.121090713483187,0.0854505743021944,0.905499309148644
X1,hybrid-SLA,28,X8,8,0,0,9,1.51984855462084e-06,28,0,0.121090713483187,0.0854505743021944,0.905499309148644
X1,hybrid-SLA,29,X19,19,0,0,27,1.77635683940025e-15,29,0,0.121090713483187,0.0854505743021944,0.905499309148644
X1,hybrid-SLA,30,X33,31,0,0,16,2.08682082725176e-09,30,0,0.121090713483187,0.0854505743021944,0.905499309148644
X1,MIGA,1,X25,25,2.16631337841278e-05,2.1818318724609e-05,1,0.610611212066713,1,0,0.310294953300667,0.214781173246056,0.905499331595409
X1,MIGA,2,X26,26,4.21266350730809e-06,7.04900542691789e-06,12,6.32754551532777e-08,2,0,0.310294953300667,0.214781173246056,0.905499331595409
X1,MIGA,3,X4,4,1.99023721070279e-06,3.84122975249923e-06,14,2.0781289217231e-08,3,0,0.310294953300667,0.214781173246056,0.905499331595409
X1,MIGA,4,X16,16,1.23214789610193e-06,2.17244288447382e-06,25,2.76306755253586e-13,4,0,0.310294953300667,0.214781173246056,0.905499331595409
X1,MIGA,5,X13,13,1.20089763205877e-06,2.132449137493e-06,18,2.97488617073682e-10,5,0,0.310294953300667,0.214781173246056,0.905499331595409
X1,MIGA,6,X7,7,4.19944370971814e-07,7.94319280128519e-07,11,1.93876354276368e-07,6,0,0.310294953300667,0.214781173246056,0.905499331595409
X1,MIGA,7,X23,23,2.96016889111961e-07,5.423520179626e-07,5,0.0241395742803053,7,0,0.310294953300667,0.214781173246056,0.905499331595409
X1,MIGA,8,X24,24,2.41994090405262e-07,4.62639031306722e-07,2,0.0405671837754507,8,0,0.310294953300667,0.214781173246056,0.905499331595409
X1,MIGA,9,X3,3,1.72010968191305e-07,3.3691683309911e-07,4,0.0286859336393597,9,0,0.310294953300667,0.214781173246056,0.905499331595409
X1,MIGA,10,X2,2,1.71468181237033e-07,3.35641582971391e-07,6,0.0108630086416883,10,0,0.310294953300667,0.214781173246056,0.905499331595409
X1,MIGA,11,X20,20,8.35355959405426e-08,1.61270393483903e-07,30,0,11,0,0.310294953300667,0.214781173246056,0.905499331595409
X1,MIGA,12,X29,28,6.00255828653307e-08,9.69540696615923e-08,20,6.80324963031609e-11,12,0,0.310294953300667,0.214781173246056,0.905499331595409
X1,MIGA,13,X22,22,3.33083583492488e-08,6.14755064631822e-08,13,3.09196947489987e-08,13,0,0.310294953300667,0.214781173246056,0.905499331595409
X1,MIGA,14,X5,5,2.86188248932451e-08,5.7172726108945e-08,29,0,14,0,0.310294953300667,0.214781173246056,0.905499331595409
X1,MIGA,15,X6,6,2.58865834323885e-08,4.96486152190556e-08,3,0.0328748744129432,15,0,0.310294953300667,0.214781173246056,0.905499331595409
X1,MIGA,16,X14,14,2.03821385602598e-08,3.75316933087788e-08,19,1.89280729978591e-10,16,0,0.310294953300667,0.214781173246056,0.905499331595409
X1,MIGA,17,X11,11,1.7719811562511e-08,3.5125278019521e-08,17,2.04126446301522e-09,17,0,0.310294953300667,0.214781173246056,0.905499331595409
X1,MIGA,18,X30,29,1.19949785382101e-08,2.38696822307816e-08,26,5.33184607576231e-14,18,0,0.310294953300667,0.214781173246056,0.905499331595409
X1,MIGA,19,X12,12,1.15213852902585e-08,2.12693849199752e-08,15,1.40002664739125e-08,19,0,0.310294953300667,0.214781173246056,0.905499331595409
X1,MIGA,20,X18,18,1.08188099312567e-08,1.79509771491837e-08,23,9.16072773193832e-13,20,0,0.310294953300667,0.214781173246056,0.905499331595409
X1,MIGA,21,X21,21,8.79022110655825e-09,1.64937028479528e-08,8,0.000463876998960722,21,0,0.310294953300667,0.214781173246056,0.905499331595409
X1,MIGA,22,X32,30,7.89655324462402e-09,1.52136478970277e-08,7,0.00169461768999729,22,0,0.310294953300667,0.214781173246056,0.905499331595409
X1,MIGA,23,X15,15,2.06410996628215e-09,3.68134678296883e-09,21,6.49863496349212e-12,23,0,0.310294953300667,0.214781173246056,0.905499331595409
X1,MIGA,24,X17,17,1.80392653592598e-09,3.44444961442036e-09,24,3.67816888058314e-13,24,0,0.310294953300667,0.214781173246056,0.905499331595409
X1,MIGA,25,X28,27,1.5681388410016e-09,2.94234814290917e-09,22,1.5640544415163e-12,25,0,0.310294953300667,0.214781173246056,0.905499331595409
X1,MIGA,26,X10,10,1.54244100825096e-09,2.88979240536946e-09,28,5.55111512312578e-17,26,0,0.310294953300667,0.214781173246056,0.905499331595409
X1,MIGA,27,X9,9,1.1498929031184e-09,2.14043893720373e-09,10,1.4014527366657e-06,27,0,0.310294953300667,0.214781173246056,0.905499331595409
X1,MIGA,28,X8,8,0,0,9,1.51984855462084e-06,28,0,0.310294953300667,0.214781173246056,0.905499331595409
X1,MIGA,29,X19,19,0,0,27,1.77635683940025e-15,29,0,0.310294953300667,0.214781173246056,0.905499331595409
X1,MIGA,30,X33,31,0,0,16,2.08682082725176e-09,30,0,0.310294953300667,0.214781173246056,0.905499331595409
X1,MAGA,1,X25,25,0.636368451962944,0.970486609459278,1,0.610611212066713,1,1,0.191558176192012,0.134417088020179,0.905499327938668
X1,MAGA,2,X26,26,0.220017609459323,0.426753376285123,12,6.32754551532777e-08,2,1,0.191558176192012,0.134417088020179,0.905499327938668
X1,MAGA,3,X10,10,0.10316536078663,0.160034783190067,28,5.55111512312578e-17,3,1,0.191558176192012,0.134417088020179,0.905499327938668
X1,MAGA,4,X28,27,0.101005540262366,0.157602058791537,22,1.5640544415163e-12,4,1,0.191558176192012,0.134417088020179,0.905499327938668
X1,MAGA,5,X4,4,0.0986687039918362,0.193860099689772,14,2.0781289217231e-08,5,1,0.191558176192012,0.134417088020179,0.905499327938668
X1,MAGA,6,X13,13,0.0203900475374819,0.0400097060655618,18,2.97488617073682e-10,6,1,0.191558176192012,0.134417088020179,0.905499327938668
X1,MAGA,7,X16,16,0.0190656094123296,0.0373520245288648,25,2.76306755253586e-13,7,1,0.191558176192012,0.134417088020179,0.905499327938668
X1,MAGA,8,X7,7,0.0189386621425036,0.0374147707119676,11,1.93876354276368e-07,8,1,0.191558176192012,0.134417088020179,0.905499327938668
X1,MAGA,9,X23,23,0.00689029062018487,0.0133681978173108,5,0.0241395742803053,9,1,0.191558176192012,0.134417088020179,0.905499327938668
X1,MAGA,10,X24,24,0.00636403565315194,0.0124693112245904,2,0.0405671837754507,10,1,0.191558176192012,0.134417088020179,0.905499327938668
X1,MAGA,11,X3,3,0.00589447791833239,0.0115188068682346,4,0.0286859336393597,11,1,0.191558176192012,0.134417088020179,0.905499327938668
X1,MAGA,12,X18,18,0.00537732388473863,0.0104278089767373,23,9.16072773193832e-13,12,1,0.191558176192012,0.134417088020179,0.905499327938668
X1,MAGA,13,X2,2,0.00417844639878501,0.00830426566574971,6,0.0108630086416883,13,1,0.191558176192012,0.134417088020179,0.905499327938668
X1,MAGA,14,X29,28,0.00216228383755987,0.00424802639439914,20,6.80324963031609e-11,14,1,0.191558176192012,0.134417088020179,0.905499327938668
X1,MAGA,15,X20,20,0.00159502668433847,0.00288538529894389,30,0,15,1,0.191558176192012,0.134417088020179,0.905499327938668
X1,MAGA,16,X21,21,0.000993671394623918,0.00193049575493021,8,0.000463876998960722,16,1,0.191558176192012,0.134417088020179,0.905499327938668
X1,MAGA,17,X14,14,0.00085175066466095,0.00164100820572077,19,1.89280729978591e-10,17,1,0.191558176192012,0.134417088020179,0.905499327938668
X1,MAGA,18,X32,30,0.000690701332146743,0.00133331181296037,7,0.00169461768999729,18,1,0.191558176192012,0.134417088020179,0.905499327938668
X1,MAGA,19,X12,12,0.000542640124885363,0.00100972295665613,15,1.40002664739125e-08,19,1,0.191558176192012,0.134417088020179,0.905499327938668
X1,MAGA,20,X22,22,0.000517628634440076,0.000925602329305164,13,3.09196947489987e-08,20,1,0.191558176192012,0.134417088020179,0.905499327938668
X1,MAGA,21,X30,29,0.000516074404105282,0.000997888417935577,26,5.33184607576231e-14,21,1,0.191558176192012,0.134417088020179,0.905499327938668
X1,MAGA,22,X6,6,0.000468891093574286,0.000897494070760896,3,0.0328748744129432,22,1,0.191558176192012,0.134417088020179,0.905499327938668
X1,MAGA,23,X9,9,0.000371551349801769,0.00072139187091036,10,1.4014527366657e-06,23,1,0.191558176192012,0.134417088020179,0.905499327938668
X1,MAGA,24,X11,11,0.000177144633015242,0.000339260723340562,17,2.04126446301522e-09,24,1,0.191558176192012,0.134417088020179,0.905499327938668
X1,MAGA,25,X5,5,0.000116641698291065,0.000213127340060293,29,0,25,1,0.191558176192012,0.134417088020179,0.905499327938668
X1,MAGA,26,X17,17,7.63325135590132e-05,0.000145112703519246,24,3.67816888058314e-13,26,1,0.191558176192012,0.134417088020179,0.905499327938668
X1,MAGA,27,X8,8,0,0,9,1.51984855462084e-06,27,0,0.191558176192012,0.134417088020179,0.905499327938668
X1,MAGA,28,X15,15,0,0,21,6.49863496349212e-12,28,0,0.191558176192012,0.134417088020179,0.905499327938668
X1,MAGA,29,X19,19,0,0,27,1.77635683940025e-15,29,0,0.191558176192012,0.134417088020179,0.905499327938668
X1,MAGA,30,X33,31,0,0,16,2.08682082725176e-09,30,0,0.191558176192012,0.134417088020179,0.905499327938668
X22,AdaCSE,1,X18,18,0.291133154288072,0.539627482265977,10,1.65974079778808e-05,1,0,0.043405678546363,0.0254042247925443,0.056721105743918
X22,AdaCSE,2,X20,20,0.288276195574141,0.523776507374152,30,0,2,1,0.043405678546363,0.0254042247925443,0.056721105743918
X22,AdaCSE,3,X11,11,0.1575894200967,0.272205549762003,3,0.0371277801613937,3,0,0.043405678546363,0.0254042247925443,0.056721105743918
X22,AdaCSE,4,X29,28,0.112317777060681,0.219416219636021,6,0.00123297549737736,4,0,0.043405678546363,0.0254042247925443,0.056721105743918
X22,AdaCSE,5,X9,9,0.111187825289406,0.212693842675999,13,4.50050112479894e-06,5,0,0.043405678546363,0.0254042247925443,0.056721105743918
X22,AdaCSE,6,X5,5,0.0949488950933276,0.187848426946263,29,0,6,1,0.043405678546363,0.0254042247925443,0.056721105743918
X22,AdaCSE,7,X6,6,0.0850443159420512,0.162803902537129,18,2.52263654410001e-10,7,1,0.043405678546363,0.0254042247925443,0.056721105743918
X22,AdaCSE,8,X21,21,0.0721033146154947,0.143388718426818,16,8.86525363730239e-07,8,0,0.043405678546363,0.0254042247925443,0.056721105743918
X22,AdaCSE,9,X32,30,0.0665264569227797,0.13103702343403,14,1.31499810604452e-06,9,0,0.043405678546363,0.0254042247925443,0.056721105743918
X22,AdaCSE,10,X13,13,0.0646372414317216,0.126540806918444,4,0.00535325203763859,10,1,0.043405678546363,0.0254042247925443,0.056721105743918
X22,AdaCSE,11,X16,16,0.0623134803154974,0.122176891650406,12,5.00650389304025e-06,11,1,0.043405678546363,0.0254042247925443,0.056721105743918
X22,AdaCSE,12,X23,23,0.0617638641132985,0.117703123957901,24,1.16018306073329e-14,12,1,0.043405678546363,0.0254042247925443,0.056721105743918
X22,AdaCSE,13,X24,24,0.0511904088670108,0.100576042601551,25,8.04911692853238e-15,13,1,0.043405678546363,0.0254042247925443,0.056721105743918
X22,AdaCSE,14,X15,15,0.0490876370410066,0.0861627012919026,7,0.000117741479968736,14,1,0.043405678546363,0.0254042247925443,0.056721105743918
X22,AdaCSE,15,X14,14,0.0435891845895395,0.0847265597977465,5,0.00342600887041677,15,0,0.043405678546363,0.0254042247925443,0.056721105743918
X22,AdaCSE,16,X3,3,0.0369563291431342,0.0732543959012517,26,2.52575738102223e-15,16,1,0.043405678546363,0.0254042247925443,0.056721105743918
X22,AdaCSE,17,X2,2,0.0369196529747473,0.0730324399937321,27,1.83186799063151e-15,17,1,0.043405678546363,0.0254042247925443,0.056721105743918
X22,AdaCSE,18,X12,12,0.0283990600720124,0.0529165020255822,1,0.287590509565,18,0,0.043405678546363,0.0254042247925443,0.056721105743918
X22,AdaCSE,19,X30,29,0.027573810020518,0.0514872349833753,15,9.66254313977677e-07,19,0,0.043405678546363,0.0254042247925443,0.056721105743918
X22,AdaCSE,20,X26,26,0.0218800200212342,0.0390532568534585,22,2.02607375321406e-12,20,1,0.043405678546363,0.0254042247925443,0.056721105743918
X22,AdaCSE,21,X7,7,0.0213652105843419,0.0424308003982721,8,2.80456774603421e-05,21,1,0.043405678546363,0.0254042247925443,0.056721105743918
X22,AdaCSE,22,X4,4,0.0109962203113364,0.0213727302276934,23,6.15368866974109e-13,22,1,0.043405678546363,0.0254042247925443,0.056721105743918
X22,AdaCSE,23,X25,25,0.00812171586710714,0.0151082793962303,20,1.01469388447128e-11,23,1,0.043405678546363,0.0254042247925443,0.056721105743918
X22,AdaCSE,24,X1,1,0.0078757850700511,0.0146706261024807,21,9.65574842304306e-12,24,1,0.043405678546363,0.0254042247925443,0.056721105743918
X22,AdaCSE,25,X17,17,0.00395286956778967,0.0073432422472508,11,6.66498991414022e-06,25,0,0.043405678546363,0.0254042247925443,0.056721105743918
X22,AdaCSE,26,X28,27,0.00158762864715498,0.00244729681185474,9,2.80123001583643e-05,26,1,0.043405678546363,0.0254042247925443,0.056721105743918
X22,AdaCSE,27,X10,10,0.00155417403880728,0.00241040391757474,28,2.77555756156289e-17,27,1,0.043405678546363,0.0254042247925443,0.056721105743918
X22,AdaCSE,28,X8,8,2.77555756156289e-17,0,19,4.6280701493373e-11,28,0,0.043405678546363,0.0254042247925443,0.056721105743918
X22,AdaCSE,29,X19,19,2.77555756156289e-17,0,17,3.21297618510741e-08,29,0,0.043405678546363,0.0254042247925443,0.056721105743918
X22,AdaCSE,30,X33,31,2.77555756156289e-17,0,2,0.0430848367032654,30,0,0.043405678546363,0.0254042247925443,0.056721105743918
X22,PSX,1,X9,9,0.153937606414166,0.302324217355626,13,4.50050112479894e-06,1,1,-0.0828138995707322,-0.0231215263419178,0.0551253986963653
X22,PSX,2,X20,20,0.000115435129995456,0.000200135896714526,30,0,2,0,-0.0828138995707322,-0.0231215263419178,0.0551253986963653
X22,PSX,3,X11,11,0.000113280956702128,0.000197500674015361,3,0.0371277801613937,3,0,-0.0828138995707322,-0.0231215263419178,0.0551253986963653
X22,PSX,4,X18,18,8.71843309242781e-05,0.00015883338643885,10,1.65974079778808e-05,4,0,-0.0828138995707322,-0.0231215263419178,0.0551253986963653
X22,PSX,5,X23,23,3.79978284861526e-05,6.66748519773108e-05,24,1.16018306073329e-14,5,0,-0.0828138995707322,-0.0231215263419178,0.0551253986963653
X22,PSX,6,X5,5,3.55707671237659e-05,6.85345192898978e-05,29,0,6,0,-0.0828138995707322,-0.0231215263419178,0.0551253986963653
X22,PSX,7,X6,6,3.10414894768574e-05,5.98762937917829e-05,18,2.52263654410001e-10,7,0,-0.0828138995707322,-0.0231215263419178,0.0551253986963653
X22,PSX,8,X24,24,3.08104849915114e-05,5.19979486615085e-05,25,8.04911692853238e-15,8,0,-0.0828138995707322,-0.0231215263419178,0.0551253986963653
X22,PSX,9,X3,3,2.17043495200075e-05,3.98442727367332e-05,26,2.52575738102223e-15,9,0,-0.0828138995707322,-0.0231215263419178,0.0551253986963653
X22,PSX,10,X2,2,2.12695776498073e-05,4.1139235797516e-05,27,1.83186799063151e-15,10,0,-0.0828138995707322,-0.0231215263419178,0.0551253986963653
X22,PSX,11,X15,15,1.32110941206132e-05,2.22906334932382e-05,7,0.000117741479968736,11,0,-0.0828138995707322,-0.0231215263419178,0.0551253986963653
X22,PSX,12,X13,13,1.00215681741733e-05,1.89084509987225e-05,4,0.00535325203763859,12,0,-0.0828138995707322,-0.0231215263419178,0.0551253986963653
X22,PSX,13,X33,31,9.36942142321096e-06,1.67663750778591e-05,2,0.0430848367032654,13,0,-0.0828138995707322,-0.0231215263419178,0.0551253986963653
X22,PSX,14,X26,26,9.23121961779461e-06,1.76244325533759e-05,22,2.02607375321406e-12,14,0,-0.0828138995707322,-0.0231215263419178,0.0551253986963653
X22,PSX,15,X29,28,5.6042624387298e-06,8.35836099355447e-06,6,0.00123297549737736,15,0,-0.0828138995707322,-0.0231215263419178,0.0551253986963653
X22,PSX,16,X4,4,4.81009558200851e-06,9.57355074371335e-06,23,6.15368866974109e-13,16,0,-0.0828138995707322,-0.0231215263419178,0.0551253986963653
X22,PSX,17,X12,12,3.50650821284715e-06,5.52550305998878e-06,1,0.287590509565,17,0,-0.0828138995707322,-0.0231215263419178,0.0551253986963653
X22,PSX,18,X7,7,3.20276604548475e-06,5.59492615281876e-06,8,2.80456774603421e-05,18,0,-0.0828138995707322,-0.0231215263419178,0.0551253986963653
X22,PSX,19,X16,16,2.92789978098562e-06,5.23304417110459e-06,12,5.00650389304025e-06,19,0,-0.0828138995707322,-0.0231215263419178,0.0551253986963653
X22,PSX,20,X14,14,1.78108174009317e-06,2.31118865201552e-06,5,0.00342600887041677,20,0,-0.0828138995707322,-0.0231215263419178,0.0551253986963653
X22,PSX,21,X21,21,1.14493417954775e-06,2.27233365146517e-06,16,8.86525363730239e-07,21,0,-0.0828138995707322,-0.0231215263419178,0.0551253986963653
X22,PSX,22,X32,30,7.90120869537114e-07,1.54811824204515e-06,14,1.31499810604452e-06,22,0,-0.0828138995707322,-0.0231215263419178,0.0551253986963653
X22,PSX,23,X8,8,3.34478790525727e-07,5.33183618145472e-07,19,4.6280701493373e-11,23,0,-0.0828138995707322,-0.0231215263419178,0.0551253986963653
X22,PSX,24,X28,27,1.13030606790909e-07,8.40987590677855e-08,9,2.80123001583643e-05,24,0,-0.0828138995707322,-0.0231215263419178,0.0551253986963653
X22,PSX,25,X10,10,8.32667268468867e-17,0,28,2.77555756156289e-17,25,0,-0.0828138995707322,-0.0231215263419178,0.0551253986963653
X22,PSX,26,X17,17,5.55111512312578e-17,0,11,6.66498991414022e-06,26,0,-0.0828138995707322,-0.0231215263419178,0.0551253986963653
X22,PSX,27,X19,19,5.55111512312578e-17,0,17,3.21297618510741e-08,27,0,-0.0828138995707322,-0.0231215263419178,0.0551253986963653
X22,PSX,28,X30,29,5.55111512312578e-17,0,15,9.66254313977677e-07,28,0,-0.0828138995707322,-0.0231215263419178,0.0551253986963653
X22,PSX,29,X1,1,0,0,21,9.65574842304306e-12,29,0,-0.0828138995707322,-0.0231215263419178,0.0551253986963653
X22,PSX,30,X25,25,0,0,20,1.01469388447128e-11,30,0,-0.0828138995707322,-0.0231215263419178,0.0551253986963653
X22,EKGA-std,1,X18,18,0.241498522891885,0.452397430504619,10,1.65974079778808e-05,1,0,0.16019579585167,0.128883859788775,0.0709816445807716
X22,EKGA-std,2,X11,11,0.217812373082402,0.426524108846032,3,0.0371277801613937,2,1,0.16019579585167,0.128883859788775,0.0709816445807716
X22,EKGA-std,3,X20,20,0.161108706766616,0.307745701408628,30,0,3,0,0.16019579585167,0.128883859788775,0.0709816445807716
X22,EKGA-std,4,X5,5,0.149622347061592,0.295506139644596,29,0,4,1,0.16019579585167,0.128883859788775,0.0709816445807716
X22,EKGA-std,5,X29,28,0.0927369695155439,0.183537903055491,6,0.00123297549737736,5,0,0.16019579585167,0.128883859788775,0.0709816445807716
X22,EKGA-std,6,X9,9,0.0753570492467618,0.14652113826551,13,4.50050112479894e-06,6,1,0.16019579585167,0.128883859788775,0.0709816445807716
X22,EKGA-std,7,X6,6,0.0569399275541957,0.103503804896145,18,2.52263654410001e-10,7,0,0.16019579585167,0.128883859788775,0.0709816445807716
X22,EKGA-std,8,X14,14,0.036739760945004,0.0708954655994609,5,0.00342600887041677,8,0,0.16019579585167,0.128883859788775,0.0709816445807716
X22,EKGA-std,9,X30,29,0.0223508992575323,0.0430755960207725,15,9.66254313977677e-07,9,0,0.16019579585167,0.128883859788775,0.0709816445807716
X22,EKGA-std,10,X15,15,0.021853076859661,0.0377867673857912,7,0.000117741479968736,10,1,0.16019579585167,0.128883859788775,0.0709816445807716
X22,EKGA-std,11,X33,31,0.0188901159140441,0.0362745772232052,2,0.0430848367032654,11,1,0.16019579585167,0.128883859788775,0.0709816445807716
X22,EKGA-std,12,X7,7,0.0124740895005371,0.0238111871501205,8,2.80456774603421e-05,12,1,0.16019579585167,0.128883859788775,0.0709816445807716
X22,EKGA-std,13,X16,16,0.0116408478009934,0.0224766632237197,12,5.00650389304025e-06,13,1,0.16019579585167,0.128883859788775,0.0709816445807716
X22,EKGA-std,14,X21,21,0.0115465367439117,0.022291215706173,16,8.86525363730239e-07,14,0,0.16019579585167,0.128883859788775,0.0709816445807716
X22,EKGA-std,15,X32,30,0.00778010905492113,0.0151200419451745,14,1.31499810604452e-06,15,0,0.16019579585167,0.128883859788775,0.0709816445807716
X22,EKGA-std,16,X23,23,0.00721604216353561,0.0143040158874363,24,1.16018306073329e-14,16,0,0.16019579585167,0.128883859788775,0.0709816445807716
X22,EKGA-std,17,X28,27,0.00653207022788374,0.0129764372106553,9,2.80123001583643e-05,17,1,0.16019579585167,0.128883859788775,0.0709816445807716
X22,EKGA-std,18,X10,10,0.00644150354841022,0.0127184510694542,28,2.77555756156289e-17,18,1,0.16019579585167,0.128883859788775,0.0709816445807716
X22,EKGA-std,19,X4,4,0.00516678232978515,0.0102175978563053,23,6.15368866974109e-13,19,1,0.16019579585167,0.128883859788775,0.0709816445807716
X22,EKGA-std,20,X2,2,0.0044417503464112,0.008823547038594,27,1.83186799063151e-15,20,0,0.16019579585167,0.128883859788775,0.0709816445807716
X22,EKGA-std,21,X1,1,0.00436534761369831,0.00821117817685213,21,9.65574842304306e-12,21,1,0.16019579585167,0.128883859788775,0.0709816445807716
X22,EKGA-std,22,X25,25,0.004237777310904,0.00797751079187137,20,1.01469388447128e-11,22,1,0.16019579585167,0.128883859788775,0.0709816445807716
X22,EKGA-std,23,X17,17,0.00329965242624569,0.00626966205909163,11,6.66498991414022e-06,23,0,0.16019579585167,0.128883859788775,0.0709816445807716
X22,EKGA-std,24,X8,8,0.00115287478511766,0.00207988247807034,19,4.6280701493373e-11,24,1,0.16019579585167,0.128883859788775,0.0709816445807716
X22,EKGA-std,25,X24,24,0.000568137394709095,0.000977314338534985,25,8.04911692853238e-15,25,1,0.16019579585167,0.128883859788775,0.0709816445807716
X22,EKGA-std,26,X26,26,0.000485496223611936,0.000959843991479303,22,2.02607375321406e-12,26,1,0.16019579585167,0.128883859788775,0.0709816445807716
X22,EKGA-std,27,X3,3,0.000380960638521471,0.000711331597170961,26,2.52575738102223e-15,27,1,0.16019579585167,0.128883859788775,0.0709816445807716
X22,EKGA-std,28,X13,13,2.9001996335043e-05,4.66953389659519e-05,4,0.00535325203763859,28,1,0.16019579585167,0.128883859788775,0.0709816445807716
X22,EKGA-std,29,X12,12,6.09993590069968e-06,1.21059167281778e-05,1,0.287590509565,29,1,0.16019579585167,0.128883859788775,0.0709816445807716
X22,EKGA-std,30,X19,19,0,0,17,3.21297618510741e-08,30,0,0.16019579585167,0.128883859788775,0.0709816445807716
X22,AESL-GA,1,X18,18,0.249542557953988,0.447791885790328,10,1.65974079778808e-05,1,0,0.06655537377109,0.0207852748302635,0.0565555870230777
X22,AESL-GA,2,X20,20,0.225617445130711,0.393881684154046,30,0,2,1,0.06655537377109,0.0207852748302635,0.0565555870230777
X22,AESL-GA,3,X11,11,0.129080811324891,0.226270649303525,3,0.0371277801613937,3,0,0.06655537377109,0.0207852748302635,0.0565555870230777
X22,AESL-GA,4,X5,5,0.127054985503422,0.219403870941279,29,0,4,1,0.06655537377109,0.0207852748302635,0.0565555870230777
X22,AESL-GA,5,X29,28,0.0971303847369298,0.185635542238547,6,0.00123297549737736,5,0,0.06655537377109,0.0207852748302635,0.0565555870230777
X22,AESL-GA,6,X32,30,0.088946038975028,0.171460217332479,14,1.31499810604452e-06,6,1,0.06655537377109,0.0207852748302635,0.0565555870230777
X22,AESL-GA,7,X9,9,0.0828784077645913,0.156298279361172,13,4.50050112479894e-06,7,0,0.06655537377109,0.0207852748302635,0.0565555870230777
X22,AESL-GA,8,X6,6,0.0644582707038829,0.123238206701713,18,2.52263654410001e-10,8,1,0.06655537377109,0.0207852748302635,0.0565555870230777
X22,AESL-GA,9,X7,7,0.0496342206684522,0.0969825767372632,8,2.80456774603421e-05,9,0,0.06655537377109,0.0207852748302635,0.0565555870230777
X22,AESL-GA,10,X16,16,0.0483045262045395,0.0938468505959409,12,5.00650389304025e-06,10,0,0.06655537377109,0.0207852748302635,0.0565555870230777
X22,AESL-GA,11,X14,14,0.0374539293550958,0.071730217394379,5,0.00342600887041677,11,0,0.06655537377109,0.0207852748302635,0.0565555870230777
X22,AESL-GA,12,X23,23,0.036450497752064,0.0647355271275054,24,1.16018306073329e-14,12,0,0.06655537377109,0.0207852748302635,0.0565555870230777
X22,AESL-GA,13,X24,24,0.0287710385182795,0.0526468424283273,25,8.04911692853238e-15,13,0,0.06655537377109,0.0207852748302635,0.0565555870230777
X22,AESL-GA,14,X12,12,0.0234994069051637,0.0436849187087618,1,0.287590509565,14,0,0.06655537377109,0.0207852748302635,0.0565555870230777
X22,AESL-GA,15,X30,29,0.0226075581946136,0.0438800253142952,15,9.66254313977677e-07,15,0,0.06655537377109,0.0207852748302635,0.0565555870230777
X22,AESL-GA,16,X2,2,0.0205986698634986,0.0399765959790535,27,1.83186799063151e-15,16,0,0.06655537377109,0.0207852748302635,0.0565555870230777
X22,AESL-GA,17,X13,13,0.0169786367407512,0.0324746451515907,4,0.00535325203763859,17,0,0.06655537377109,0.0207852748302635,0.0565555870230777
X22,AESL-GA,18,X3,3,0.0158102823083817,0.0307069169946148,26,2.52575738102223e-15,18,0,0.06655537377109,0.0207852748302635,0.0565555870230777
X22,AESL-GA,19,X26,26,0.0148895423005239,0.0296223427545601,22,2.02607375321406e-12,19,0,0.06655537377109,0.0207852748302635,0.0565555870230777
X22,AESL-GA,20,X33,31,0.0107080128152282,0.0192100220650842,2,0.0430848367032654,20,0,0.06655537377109,0.0207852748302635,0.0565555870230777
X22,AESL-GA,21,X4,4,0.00817188144902523,0.0162136971470568,23,6.15368866974109e-13,21,0,0.06655537377109,0.0207852748302635,0.0565555870230777
X22,AESL-GA,22,X1,1,0.00605258635666289,0.0113429446073101,21,9.65574842304306e-12,22,0,0.06655537377109,0.0207852748302635,0.0565555870230777
X22,AESL-GA,23,X25,25,0.00587148450322159,0.011013171054413,20,1.01469388447128e-11,23,0,0.06655537377109,0.0207852748302635,0.0565555870230777
X22,AESL-GA,24,X17,17,0.00335117577356256,0.00637448330850821,11,6.66498991414022e-06,24,0,0.06655537377109,0.0207852748302635,0.0565555870230777
X22,AESL-GA,25,X21,21,0.00282877226766837,0.00552327126591656,16,8.86525363730239e-07,25,0,0.06655537377109,0.0207852748302635,0.0565555870230777
X22,AESL-GA,26,X10,10,0.00116385387603926,0.00178966530812485,28,2.77555756156289e-17,26,0,0.06655537377109,0.0207852748302635,0.0565555870230777
X22,AESL-GA,27,X28,27,0.00113926753735805,0.00176270429771153,9,2.80123001583643e-05,27,0,0.06655537377109,0.0207852748302635,0.0565555870230777
X22,AESL-GA,28,X8,8,0,0,19,4.6280701493373e-11,28,0,0.06655537377109,0.0207852748302635,0.0565555870230777
X22,AESL-GA,29,X15,15,0,0,7,0.000117741479968736,29,0,0.06655537377109,0.0207852748302635,0.0565555870230777
X22,AESL-GA,30,X19,19,0,0,17,3.21297618510741e-08,30,0,0.06655537377109,0.0207852748302635,0.0565555870230777
X22,hybrid-SLA,1,X18,18,0.251366681115465,0.450404824073888,10,1.65974079778808e-05,1,0,0.0941255006675567,0.076036866359447,0.0567159389998024
X22,hybrid-SLA,2,X20,20,0.226092803966091,0.394823465796765,30,0,2,1,0.0941255006675567,0.076036866359447,0.0567159389998024
X22,hybrid-SLA,3,X11,11,0.139902372886815,0.24059888492383,3,0.0371277801613937,3,0,0.0941255006675567,0.076036866359447,0.0567159389998024
X22,hybrid-SLA,4,X29,28,0.0977507799711883,0.186754361601693,6,0.00123297549737736,4,0,0.0941255006675567,0.076036866359447,0.0567159389998024
X22,hybrid-SLA,5,X5,5,0.0727180045085352,0.142720348632611,29,0,5,1,0.0941255006675567,0.076036866359447,0.0567159389998024
X22,hybrid-SLA,6,X6,6,0.0646087298860488,0.123527000800445,18,2.52263654410001e-10,6,1,0.0941255006675567,0.076036866359447,0.0567159389998024
X22,hybrid-SLA,7,X7,7,0.0636841354162961,0.116644927951731,8,2.80456774603421e-05,7,0,0.0941255006675567,0.076036866359447,0.0567159389998024
X22,hybrid-SLA,8,X16,16,0.0617676422668309,0.112630227544338,12,5.00650389304025e-06,8,0,0.0941255006675567,0.076036866359447,0.0567159389998024
X22,hybrid-SLA,9,X14,14,0.0376827520790526,0.0721627901961748,5,0.00342600887041677,9,0,0.0941255006675567,0.076036866359447,0.0567159389998024
X22,hybrid-SLA,10,X32,30,0.0286286842591898,0.0569816362988127,14,1.31499810604452e-06,10,0,0.0941255006675567,0.076036866359447,0.0567159389998024
X22,hybrid-SLA,11,X12,12,0.0236382065763364,0.043942384958997,1,0.287590509565,11,0,0.0941255006675567,0.076036866359447,0.0567159389998024
X22,hybrid-SLA,12,X30,29,0.0227304080415563,0.0441312245231227,15,9.66254313977677e-07,12,0,0.0941255006675567,0.076036866359447,0.0567159389998024
X22,hybrid-SLA,13,X21,21,0.0198435865680335,0.0388279203803501,16,8.86525363730239e-07,13,0,0.0941255006675567,0.076036866359447,0.0567159389998024
X22,hybrid-SLA,14,X26,26,0.0183820036810811,0.0364938109634489,22,2.02607375321406e-12,14,0,0.0941255006675567,0.076036866359447,0.0567159389998024
X22,hybrid-SLA,15,X23,23,0.0160001202466979,0.0307573968339439,24,1.16018306073329e-14,15,0,0.0941255006675567,0.076036866359447,0.0567159389998024
X22,hybrid-SLA,16,X13,13,0.0153733842574804,0.0294939160626526,4,0.00535325203763859,16,0,0.0941255006675567,0.076036866359447,0.0567159389998024
X22,hybrid-SLA,17,X24,24,0.0133019453374658,0.026291577508341,25,8.04911692853238e-15,17,0,0.0941255006675567,0.076036866359447,0.0567159389998024
X22,hybrid-SLA,18,X4,4,0.00999398808599986,0.0199720192781894,23,6.15368866974109e-13,18,0,0.0941255006675567,0.076036866359447,0.0567159389998024
X22,hybrid-SLA,19,X3,3,0.00963611342027099,0.0191499841284439,26,2.52575738102223e-15,19,0,0.0941255006675567,0.076036866359447,0.0567159389998024
X22,hybrid-SLA,20,X2,2,0.00963109814630062,0.0190950705713075,27,1.83186799063151e-15,20,0,0.0941255006675567,0.076036866359447,0.0567159389998024
X22,hybrid-SLA,21,X9,9,0.00831147170039184,0.0152421383622003,13,4.50050112479894e-06,21,0,0.0941255006675567,0.076036866359447,0.0567159389998024
X22,hybrid-SLA,22,X1,1,0.00745587137326156,0.0139701066277969,21,9.65574842304306e-12,22,0,0.0941255006675567,0.076036866359447,0.0567159389998024
X22,hybrid-SLA,23,X25,25,0.00723271147174101,0.0135639794427744,20,1.01469388447128e-11,23,0,0.0941255006675567,0.076036866359447,0.0567159389998024
X22,hybrid-SLA,24,X15,15,0.00382773295400354,0.00682850660636269,7,0.000117741479968736,24,0,0.0941255006675567,0.076036866359447,0.0567159389998024
X22,hybrid-SLA,25,X17,17,0.00336994741001606,0.00641047385088278,11,6.66498991414022e-06,25,0,0.0941255006675567,0.076036866359447,0.0567159389998024
X22,hybrid-SLA,26,X28,27,0.00146137155929918,0.00229917444835848,9,2.80123001583643e-05,26,0,0.0941255006675567,0.076036866359447,0.0567159389998024
X22,hybrid-SLA,27,X10,10,0.00143122798915482,0.00226378832393959,28,2.77555756156289e-17,27,0,0.0941255006675567,0.076036866359447,0.0567159389998024
X22,hybrid-SLA,28,X8,8,2.77555756156289e-17,0,19,4.6280701493373e-11,28,0,0.0941255006675567,0.076036866359447,0.0567159389998024
X22,hybrid-SLA,29,X19,19,0,0,17,3.21297618510741e-08,29,0,0.0941255006675567,0.076036866359447,0.0567159389998024
X22,hybrid-SLA,30,X33,31,0,0,2,0.0430848367032654,30,0,0.0941255006675567,0.076036866359447,0.0567159389998024
X22,MIGA,1,X18,18,0.219371815343146,0.410453215476332,10,1.65974079778808e-05,1,0,-0.0803561536166002,-0.0669747744530713,0.0695687851846464
X22,MIGA,2,X11,11,0.214418351294926,0.413974712983916,3,0.0371277801613937,2,1,-0.0803561536166002,-0.0669747744530713,0.0695687851846464
X22,MIGA,3,X20,20,0.135918873761829,0.23779487624977,30,0,3,0,-0.0803561536166002,-0.0669747744530713,0.0695687851846464
X22,MIGA,4,X21,21,0.102493674458367,0.192380390161974,16,8.86525363730239e-07,4,1,-0.0803561536166002,-0.0669747744530713,0.0695687851846464
X22,MIGA,5,X32,30,0.0920801408716259,0.177687748713576,14,1.31499810604452e-06,5,1,-0.0803561536166002,-0.0669747744530713,0.0695687851846464
X22,MIGA,6,X29,28,0.0887315604017267,0.167809235334638,6,0.00123297549737736,6,0,-0.0803561536166002,-0.0669747744530713,0.0695687851846464
X22,MIGA,7,X23,23,0.0583112316584163,0.11427973199763,24,1.16018306073329e-14,7,1,-0.0803561536166002,-0.0669747744530713,0.0695687851846464
X22,MIGA,8,X24,24,0.0489518458396123,0.0977660566984428,25,8.04911692853238e-15,8,1,-0.0803561536166002,-0.0669747744530713,0.0695687851846464
X22,MIGA,9,X5,5,0.0422604300652593,0.081588111413335,29,0,9,0,-0.0803561536166002,-0.0669747744530713,0.0695687851846464
X22,MIGA,10,X6,6,0.0369531702841888,0.0712563857648794,18,2.52263654410001e-10,10,0,-0.0803561536166002,-0.0669747744530713,0.0695687851846464
X22,MIGA,11,X2,2,0.0356500923544569,0.0710354697850457,27,1.83186799063151e-15,11,1,-0.0803561536166002,-0.0669747744530713,0.0695687851846464
X22,MIGA,12,X3,3,0.0356314987903127,0.0712143520948669,26,2.52575738102223e-15,12,1,-0.0803561536166002,-0.0669747744530713,0.0695687851846464
X22,MIGA,13,X14,14,0.0330870334924585,0.0647779595354339,5,0.00342600887041677,13,0,-0.0803561536166002,-0.0669747744530713,0.0695687851846464
X22,MIGA,14,X12,12,0.0219485576958078,0.040941432065787,1,0.287590509565,14,0,-0.0803561536166002,-0.0669747744530713,0.0695687851846464
X22,MIGA,15,X30,29,0.0202410413817357,0.0387493980278302,15,9.66254313977677e-07,15,0,-0.0803561536166002,-0.0669747744530713,0.0695687851846464
X22,MIGA,16,X28,27,0.0182922646934526,0.0343240483010472,9,2.80123001583643e-05,16,1,-0.0803561536166002,-0.0669747744530713,0.0695687851846464
X22,MIGA,17,X10,10,0.0179925244826867,0.0337109345537001,28,2.77555756156289e-17,17,1,-0.0803561536166002,-0.0669747744530713,0.0695687851846464
X22,MIGA,18,X9,9,0.0134249954419096,0.0250070203121462,13,4.50050112479894e-06,18,1,-0.0803561536166002,-0.0669747744530713,0.0695687851846464
X22,MIGA,19,X7,7,0.0110511043912309,0.0199399327285437,8,2.80456774603421e-05,19,0,-0.0803561536166002,-0.0669747744530713,0.0695687851846464
X22,MIGA,20,X16,16,0.00364106683876084,0.00699088540069326,12,5.00650389304025e-06,20,0,-0.0803561536166002,-0.0669747744530713,0.0695687851846464
X22,MIGA,21,X15,15,0.00336682182212852,0.00600714349727083,7,0.000117741479968736,21,0,-0.0803561536166002,-0.0669747744530713,0.0695687851846464
X22,MIGA,22,X13,13,0.00331456589186782,0.00644287399261301,4,0.00535325203763859,22,0,-0.0803561536166002,-0.0669747744530713,0.0695687851846464
X22,MIGA,23,X17,17,0.00297673355365213,0.00565027539983864,11,6.66498991414022e-06,23,0,-0.0803561536166002,-0.0669747744530713,0.0695687851846464
X22,MIGA,24,X26,26,0.00114798041042802,0.00227103697394204,22,2.02607375321406e-12,24,0,-0.0803561536166002,-0.0669747744530713,0.0695687851846464
X22,MIGA,25,X4,4,0.0006227786602645,0.00124239181279062,23,6.15368866974109e-13,25,0,-0.0803561536166002,-0.0669747744530713,0.0695687851846464
X22,MIGA,26,X25,25,0.000473315192130702,0.000894262588091443,20,1.01469388447128e-11,26,0,-0.0803561536166002,-0.0669747744530713,0.0695687851846464
X22,MIGA,27,X1,1,0.000459341084442955,0.000868223517754174,21,9.65574842304306e-12,27,0,-0.0803561536166002,-0.0669747744530713,0.0695687851846464
X22,MIGA,28,X8,8,2.77555756156289e-17,0,19,4.6280701493373e-11,28,0,-0.0803561536166002,-0.0669747744530713,0.0695687851846464
X22,MIGA,29,X19,19,2.77555756156289e-17,0,17,3.21297618510741e-08,29,0,-0.0803561536166002,-0.0669747744530713,0.0695687851846464
X22,MIGA,30,X33,31,2.77555756156289e-17,0,2,0.0430848367032654,30,0,-0.0803561536166002,-0.0669747744530713,0.0695687851846464
X22,MAGA,1,X5,5,0.128425916245961,0.221131253159231,29,0,1,1,-0.0291792105594809,-0.0324455040048708,0.0565275449793647
X22,MAGA,2,X20,20,0.000129872240552303,0.000231074617837779,30,0,2,0,-0.0291792105594809,-0.0324455040048708,0.0565275449793647
X22,MAGA,3,X11,11,0.000126986969620546,0.000230686783979195,3,0.0371277801613937,3,0,-0.0291792105594809,-0.0324455040048708,0.0565275449793647
X22,MAGA,4,X18,18,0.00010082733429001,0.000189880434143364,10,1.65974079778808e-05,4,0,-0.0291792105594809,-0.0324455040048708,0.0565275449793647
X22,MAGA,5,X29,28,4.05337168067066e-05,7.82252171194209e-05,6,0.00123297549737736,5,0,-0.0291792105594809,-0.0324455040048708,0.0565275449793647
X22,MAGA,6,X6,6,3.60348557074119e-05,6.9444659688056e-05,18,2.52263654410001e-10,6,0,-0.0291792105594809,-0.0324455040048708,0.0565275449793647
X22,MAGA,7,X32,30,3.00346457867695e-05,5.94520008883048e-05,14,1.31499810604452e-06,7,0,-0.0291792105594809,-0.0324455040048708,0.0565275449793647
X22,MAGA,8,X21,21,2.0104126848941e-05,4.01939603271728e-05,16,8.86525363730239e-07,8,0,-0.0291792105594809,-0.0324455040048708,0.0565275449793647
X22,MAGA,9,X14,14,1.5747788647158e-05,3.02235841660448e-05,5,0.00342600887041677,9,0,-0.0291792105594809,-0.0324455040048708,0.0565275449793647
X22,MAGA,10,X23,23,1.05894249789185e-05,2.01847970506819e-05,24,1.16018306073329e-14,10,0,-0.0291792105594809,-0.0324455040048708,0.0565275449793647
X22,MAGA,11,X12,12,9.93449368183463e-06,1.84743560360801e-05,1,0.287590509565,11,0,-0.0291792105594809,-0.0324455040048708,0.0565275449793647
X22,MAGA,12,X30,29,9.51830228088091e-06,1.84496897053243e-05,15,9.66254313977677e-07,12,0,-0.0291792105594809,-0.0324455040048708,0.0565275449793647
X22,MAGA,13,X9,9,9.31786954619374e-06,1.73424718454829e-05,13,4.50050112479894e-06,13,0,-0.0291792105594809,-0.0324455040048708,0.0565275449793647
X22,MAGA,14,X24,24,8.56537005039515e-06,1.68520954733076e-05,25,8.04911692853238e-15,14,0,-0.0291792105594809,-0.0324455040048708,0.0565275449793647
X22,MAGA,15,X16,16,6.67672519322204e-06,1.32984328593544e-05,12,5.00650389304025e-06,15,0,-0.0291792105594809,-0.0324455040048708,0.0565275449793647
X22,MAGA,16,X2,2,6.38723482254688e-06,1.26007780383297e-05,27,1.83186799063151e-15,16,0,-0.0291792105594809,-0.0324455040048708,0.0565275449793647
X22,MAGA,17,X3,3,5.73497162204006e-06,1.14333638987496e-05,26,2.52575738102223e-15,17,0,-0.0291792105594809,-0.0324455040048708,0.0565275449793647
X22,MAGA,18,X13,13,5.50993884190776e-06,1.0459015791886e-05,4,0.00535325203763859,18,0,-0.0291792105594809,-0.0324455040048708,0.0565275449793647
X22,MAGA,19,X7,7,4.64225482782465e-06,9.00392309333142e-06,8,2.80456774603421e-05,19,0,-0.0291792105594809,-0.0324455040048708,0.0565275449793647
X22,MAGA,20,X17,17,1.40983025978536e-06,2.68117515211941e-06,11,6.66498991414022e-06,20,0,-0.0291792105594809,-0.0324455040048708,0.0565275449793647
X22,MAGA,21,X4,4,1.16319138232512e-06,2.16881476866604e-06,23,6.15368866974109e-13,21,0,-0.0291792105594809,-0.0324455040048708,0.0565275449793647
X22,MAGA,22,X26,26,5.63004787151877e-07,1.12227039350543e-06,22,2.02607375321406e-12,22,0,-0.0291792105594809,-0.0324455040048708,0.0565275449793647
X22,MAGA,23,X25,25,2.17460923462864e-07,4.25891942157364e-07,20,1.01469388447128e-11,23,0,-0.0291792105594809,-0.0324455040048708,0.0565275449793647
X22,MAGA,24,X1,1,2.10738827471912e-07,4.12845998720712e-07,21,9.65574842304306e-12,24,0,-0.0291792105594809,-0.0324455040048708,0.0565275449793647
X22,MAGA,25,X10,10,4.22923767950945e-08,6.49308149469618e-08,28,2.77555756156289e-17,25,0,-0.0291792105594809,-0.0324455040048708,0.0565275449793647
X22,MAGA,26,X28,27,4.1397519939812e-08,6.39542436786655e-08,9,2.80123001583643e-05,26,0,-0.0291792105594809,-0.0324455040048708,0.0565275449793647
X22,MAGA,27,X8,8,0,0,19,4.6280701493373e-11,27,0,-0.0291792105594809,-0.0324455040048708,0.0565275449793647
X22,MAGA,28,X15,15,0,0,7,0.000117741479968736,28,0,-0.0291792105594809,-0.0324455040048708,0.0565275449793647
X22,MAGA,29,X19,19,0,0,17,3.21297618510741e-08,29,0,-0.0291792105594809,-0.0324455040048708,0.0565275449793647
X22,MAGA,30,X33,31,0,0,2,0.0430848367032654,30,0,-0.0291792105594809,-0.0324455040048708,0.0565275449793647
